ลำดับ,รายการ,จำนวน,ราคา/หน่วย,หน่วย,จำนวนเงิน,cost,ราคาขาย,Barcode
1,ไม้แขวนเสื้อ - ลวด 111 หนุมาน STCP,5 ลัง,572,12,2860,48,79,
2,แขวนเสื้อลวด+หนีบ 99 SM,2 ลัง,495,12,990,41,59,
3,กล่องล็อค 560 หูหิ้ว W,1 โหล,637,12,637,53,79,
4,กล่องล็อค(39) 561 WW,1 โหล,449,12,449,37,69,
5,กล่องล็อค 560/1 หูหิ้ว W,1 โหล,480,12,480,40,69,
6,กล่องล็อค 561/1 W,1 โหล,306,12,306,26,39,
7,ถัง+ฝา 12 สี BP,2 โหล,1000,12,2000,83,139,
8,เข่ง NO.2 (สี) N,10 ชิ้น,107,1,1070,107,179,
9,กะละมังเหลี่ยม 666 OS,1 โหล,587,12,587,49,79,
10,กะละมัง 549 สี SMK,2 โหล,340,12,680,28,49,
11,กะละมัง 058 สี OS,1 โหล,555,12,555,46,79,
12,เก้าอี้ซักผ้ากลม 9025 สีหวาน AB V-NICE,1 โหล,195,12,195,16,25,
13,เก้าอี้ซักผ้ากลม #9076D สีดำ WCP,1 โหล,188,12,188,16,25,
14,เก้าอี้เตี้ย สีดำ S-0072B SIP,1 โหล,196,12,196,16,25,
15,เก้าอี้เตี้ย 555 สีหวาน MM,1 โหล,220,12,220,18,30,
16,เก้าอี้เตี้ย 366 สีหวาน Bl,1 โหล,190,12,190,16,25,
17,คราดมือเสือ 023 NCL,4 โหล,540,12,2160,45,79,
18,ถัง+ฝา 4.5 SRT,1 โหล,735,12,735,61,99,
19,ถังน้ำฝาใส (ใหญ่) 728-PO SMT,1 โหล,1253,12,1253,104,169,
20,ตะแกรง 1991 สีใส SRT,1 โหล,563,12,563,47,79,
21,ตะแกรง 1990 สีใส-สีสด SRT,1 โหล,770,12,770,64,99,
22,ตะแกรงเหลี่ยม จัมโบ้ 1989 SRT,6 ชิ้น,82,1,492,82,139,
23,ตะแกรงเหลี่ยม 900 สีเข้ม RTH,1 โหล,390,12,390,33,59,
24,ตะแกรง 9831 SMT,1 โหล,730,12,730,61,99,
25,ตะกร้าเหลี่ยมเตี้ย 4000 สีเข้ม OS,2 โหล,512,12,1024,43,69,
26,ตะกร้ากลม 9899/3 สีใส SMT,2 โหล,297,12,594,25,39,
27,ตะกร้าเหลี่ยม มีหู สีหวาน 5948 JCP,1 โหล,1020,12,1020,85,159,
28,ตะกร้าเหลี่ยม มีหู สีหวาน 5948 JCP,1 ชิ้น,85,1,85,85,159,
29,ตะแกรงเหลี่ยม 818 KT,3 โหล,93,12,279,8,15,
30,ตะกร้าเหลี่ยม 5953 หูหิ้ว JCP,6 ชิ้น,100,1,600,100,179,
31,เก้าอี้ซักผ้าเหลี่ยมหลามตัด 9026 สีหวาน AB,1 โหล,195,12,195,16,25,
32,ตะแกรงเหลี่ยม 410 สีใส LK,1 โหล,682,12,682,57,89,
33,ตะแกรง 409 สีใส LK,1 โหล,890,12,890,74,120,
34,ตะแกรงเหลี่ยม 903 สีเข้ม RTH,3 โหล,198,12,594,17,25,
35,ตะแกรงเหลี่ยม 111 GL,1 โหล,449,12,449,37,69,
36,เก้าอี้เตี้ย 610 ดำ CS,2 โหล,112,12,224,9,15,
37,ตะกร้าฝาปิดหูหิ้ว 321-3N สีNEW (ใหญ่) VJ,1 โหล,952,12,952,79,139,
38,นส.8 สี SP,10 ชิ้น,89,1,890,89,159,
39,กะละมัง 004/58 สี SP,1 โหล,375,12,375,31,59,
40,กะละมัง 004/75 ดำ SP,1 โหล,924,12,924,77,159,
41,โต๊ะรีดผ้าเตี้ย ตัวเล็ก (18) ต-046 LW,2 มัด,520,8,1040,65,120,
42,ตะกร้าฝาปิด(จัมโบ้)321/4 สีใส/หวาน V,5 ชิ้น,169,1,845,169,259,
43,เก้าอี้ หน้ากลม 250-B สีเข้ม (ปักกิ่ง) SH,1 โหล,670,12,670,56,89,
44,ถัง+ฝา 12 ตำ AC,2 โหล,615,12,1230,51,79,
45,ถังฝา KF-008 สีดำ RTH,2 โหล,510,12,1020,43,69,
46,ตะหลิวไม้ 12 แผงกระดาษ #9890 IMM,1 โหล,168,12,168,14,20,8.8594E+12
47,ทัพพีพลาสติก 1*2 JP ตราสมอ,1 โหล,150,12,150,13,20,8.85848E+12
48,ทัพพีตักข้าวใส 10611 ใส แผงกระดาษ IMM,1 โหล,150,12,150,13,20,8.8594E+12
49,ตะแกรงกรองน้ำมัน-ด้ามสี 20cm #TL-664,4 ชิ้น,65,1,260,65,100,8.85983E+12
50,ตีฟองนม แผงกระดาษ #7659 IMM,1 แพค,98,6,98,16,30,
51,ไม้จิ้มฟัน LY-88731 ห่อพลาสติกใส LY,1 โหล,144,12,144,12,20,6.99071E+12
52,กระชอน ชั้น 16cm SK16 PL,1 แพค,330,6,330,55,99,6.97129E+12
53,"ถุงห่วงกาแฟ จัมโบ้6""(S.P.)NO.01 BIR",2 โหล,165,12,330,14,30,31105277
54,ตะหลิวม้าลาย-เล็ก#104008 **ไม่รับคืน,6 ชิ้น,57,1,342,57,89,8.85199E+12
55,ทัพพีม้าลาย - ด้ามดำจีน(เล็ก)**ไม่รับคืน,6 ชิ้น,55,1,330,55,89,8.85199E+12
56,"กระชอนบดข้าวเลส #12(SKO12,9-19)",2 โหล,195,12,390,16,25,8.86E+12
57,"กระบวยด้ามดำ4.5"" L604 PL",1 โหล,185,12,185,15,25,8.86E+12
58,ตะหลิวม้าลาย-กลาง(บาร์42102)**ไม่รับคืน,6 ชิ้น,115,1,690,115,179,
59,"ตะหลิวยาว4"" ด้ามดำ#FW-038 ม้าน้ำ",2 แพค,75,6,150,13,20,8.6893E+11
60,"ตะหลิวไม้ยาว4""(บาร์11133)ตราสมอ PLL",6 ชิ้น,16,1,75,16,25,8.85848E+12
61,"ตะหลิวยาว4""ไม้ HFW-039 ม้าน้ำ MIFL",1 แพค,75,6,75,13,25,8.6893E+11
62,ทัพพีจีนใหญ่ด้ามพลาสติกสี ตราสมอ (P25),1 โหล,175,12,175,15,25,
63,ทัพพีใหญ่ด้ามดำ TP-079 (ต้นสน) TK,1 โหล,135,12,135,11,20,TP-079
64,ทัพพีเล็กด้ามดำ TP-076 (ต้นสน) TK,2 โหล,72,12,144,6,10,TP-076
65,กระชอนสองชั้น ด้ามเลส16ซม.#1416,6 ชิ้น,36,1,216,36,59,6.90156E+12
66,ช้อนซุปทองด้ามไข่กลม PS-666-1 PL,1 โหล,180,12,180,15,25,8.85889E+12
67,กระชอนเลสตาข่าย ด้ามไม้(ก้นตัด)#4168,6 ชิ้น,62,1,372,62,100,
68,กระชอน24cm LH-669/LH-5097 ด้ามเลส,6 ชิ้น,44,1,264,44,79,
69,ทัพพีใหญ่ด้ามสี-ม้าน้ำ#120/1(19) SKE,2 โหล,135,12,270,11,20,8.85984E+12
70,"กระบวยด้ามไม้4"" TP-036(ต้นสน) JK",1 โหล,178,12,178,15,25,TP-036
71,ทัพพีเมลามีนคละสี/ขาว/ชมพู/ฟ้า,1 โหล,98,12,98,8,20,8.85187E+12
72,คั้นมะนาว-แสตนเลส FW 147 (แผง),6 ชิ้น,39,1,235,39,69,8.6893E+11
73,ทัพพีแขกด้ามพลาสติกสี ตราสมอ PPL,1 โหล,88,12,88,7,15,
74,จานรองแก้ว-การ์ตูน (1X12) (บาร์00079),1 โหล,220,12,220,18,30,8.92052E+12
75,พายไม้ #0,1 โหล,95,12,95,8,15,10000897
76,คั้นส้มขาตั้ง กลมเล็ก (มีเนียม) KPT,3 ชิ้น,184,1,552,184,279,8.85713E+12
77,คั้นส้มขาตั้งกลมใหญ่ (มีเนียม) KPT,2 ชิ้น,201,1,402,201,299,
78,"ตะแกรงรองทอด ST 9"" ตื้นมีหู 22cm",6 ชิ้น,63,1,378,63,99,
79,SP 303 ช้อนสีดำ SIT,1 โหล,105,12,105,9,15,8.85177E+12
80,ตะแกรงกรองน้ำมันด้ามแดง SJ320 (20ซม),4 ชิ้น,57,1,228,57,89,
81,ตะแกรงกรองน้ำมันด้ามแดง SJ322 (22ซม),4 ชิ้น,65,1,260,65,120,
82,ตะหลิวด้ามดำใหญ่ 40ซม. #205 PL,6 ชิ้น,58,1,348,58,99,8.8599E+12
83,ตะหลิวด้ามดำใหญ่ 40ซม. #205 PL,6 ชิ้น,58,1,348,58,99,8.8599E+12
84,"ตะหลิวโฟกัส-ยาว 4"" #400 (คำ) แบล็คไลท์",1 โหล,395,12,395,33,59,
85,ตะแกรงปิดท่อเลสเหลี่ยม 1 ชิ้น 0956,1 โหล,180,12,180,15,25,8.8594E+12
86,ตะหลิวไม้ขาวยาว (ไทย) 1*6ชิ้น #KKL017,1 แพค,155,6,155,26,39,30001275
87,ทัพพีไม้ขาวสั้น (ไทย) 1*12ชิ้น #KKL180S,1 โหล,188,12,188,16,30,10001273
88,กระบวยตักน้ำไก่ #1(1*5) VTW,2 แพค,130,5,260,26,45,8890100008
89,กระบวยตักน้ำไก่ #2(1*5) VTW,2 แพค,125,5,250,25,39,8890200005
90,"ตักถ่าน หนา (1""10อัน) CY",2 แพค,190,10,380,19,30,
91,ไหมขัดฟัน 10880 ซอง100PC ขาวฟ้า IMM,1 โหล,168,12,168,14,25,
92,เทปปะหม้อกลาง (10บ.) (P15),2 โหล,62,12,124,5,15,
93,เทปปะหม้อม้วนเล็ก (5บ.),2 โหล,38,12,76,3,10,
94,"กระบวยโฟกัส 4"" #500 (ดำ/แดง) แบล็คไลท์",1 โหล,396,12,396,33,59,2006220076
95,ช้อนส้อมหนา 1คู่ (NO.2) PS-444-14 ด้าม,2 โหล,192,12,384,16,25,8.86E+12
96,ช้อนส้อมเกาหลี PS-444-19 (หัวเล็กด้ามยาว),2 โหล,192,12,384,16,25,
97,ช้อนส้อมเกาหลี PS-444-19 (หัวเล็กด้ามยาว),1 โหล,192,12,192,16,25,8.86E+12
98,ช้อนส้อมหนา 1คู่ (NO.2) PS-444-16,2 โหล,192,12,384,16,25,8.86E+12
99,ชอล์คมด/แมลงสาบ (ผง) ขวด 50 ตรารถถัง,5 โหล,193,12,965,16,25,
100,ลูกเหม็น 100g (200) ซองเหลือง (20091),5 โหล,180,12,900,15,25,
101,ลูกเหม็น จัมโบ้ 13 (100) (20066) ATM,3 โหล,90,12,270,,,
102,ลูกเหม็น จัมโบ้ 16 (201) (20068) ATM,3 โหล,180,12,540,,,
103,ลูกเหม็น 800 เม็ดเล็ก (20801) ATM,5 ชิ้น,86,1,430,86,120,
104,ลูกเหม็น 800 จัมโบ้ (20802) ATM,5 ชิ้น,86,1,430,86,120,
105,คัทตัลนัท 100 ก้านจิ๋ว B.Duck (กระปุก) RR,1 โหล,155,12,155,13,20,
106,ดับกลิ่นตลับเล็ก 35g (12040) ATM,2 โหล,106,12,212,9,15,8.85054E+12
107,คัทตัลบัท 100 ก้าน (1*2) B-Duck (ของแพ),6 โหล,142,12,852,12,20,
108,คัทตัลบัท 100 ก้านจิ๋ว B-Duck,6 โหล,72,12,432,6,10,8.85001E+12
109,คัทตัลบัท 100 ก้านจิ๋ว B-Duck (กระปุก) RR,1 โหล,155,12,155,13,20,
110,ลิปบอกเงินแท่งดำ 3.2G Jackelin (1*6) FM,6 แพค,58,6,348,10,20,8.85072E+12
111,ลูกเหม็น 50g (100) ซองฟ้า (20090) ATM,10 โหล,90,12,900,8,12,
112,คัทตัลบัท 200ก้านกระปุก แจ็กซ์เพียว JAXX,2 โหล,178,12,356,15,25,8.85713E+12
113,คัทตัลบัท กระปุกกลม 300 ก้านฉลากสี,2 โหล,218,12,436,18,30,
114,ถังปูน 10 ค่า SP,2 โหล,137,12,274,11,20,
115,ถังเหลือง 3.5L #703Y LK,2 โหล,343,12,686,29,49,
116,ถังปูน 15 ต่ำ AC,1 โหล,173,12,173,,,
117,ถังปูน 15 สี AC,1 โหล,245,12,245,20,30,
118,ถังปูน 15 สี SP,1 โหล,242,12,242,,,
119,กะละมังเหลี่ยมสีเข้ม #7007 WCP,1 โหล,194,12,194,16,25,8.85E+12
120,กะละมังเหลี่ยม-สีเข้ม #7007 WCP,11 ชิ้น,16,,179,,,
121,กะละมัง 65 สีหวาน ตราเสือ NPC,2 โหล,498,12,996,,,
122,กะละมัง 60 สี AC,1 โหล,431,12,431,,,
123,ตะแกรงใหญ่ 519 DMT,2 โหล,282,12,564,24,39,
124,ถัง+ฝา 20 ใส NPC,1 โหล,2077,12,2077,,,
125,โต๊ะรีดผ้า (จัมโบ้) (1*4) ต-050 LW,1 มัด,860,4,860,,,
126,ตะกร้าฝาปิด (กลาง) หูหิ้ว 321/2 VJ,1 โหล,760,12,760,,,
127,โต๊ะไม้ ขาดำ (เล็ก) 16*24 PYS,2 ลัง,575,8,1150,,,
128,โต๊ะไม้ ขาดำ 24*24 PYS,2 ลัง,517,6,1034,,,
129,ตะแกรงกรองน้ำมัน 25.5cm SK255 ด้ามเล็ก,3 ชิ้น,78,1,234,78,139,6.55135E+12
130,15531 ตะแกรงปิดห่อ14 TLL,1 โหล,180,12,180,15,,8.8598E+12
131,ตะเกียบไม้ 1X16คู่ 84524 YW,1 โหล,168,12,168,14,25,1.98721E+12
132,กล่องล้อ K-1000,6 ชิ้น,271,,1626,,,
133,กล่อง K-1500,6 ชิ้น,440,,2640,,,
134,กล่องล้อ K-1200,6 ชิ้น,366,1,2196,366,,
135,"คีบสลัด-เล็ก 10"" (หนา) FW-088 แพคครึ่ง",1 โหล,168,12,168,14,25,8.6893E+11
136,กรวย พด.ใส 12cm #15764 IMM,1 โหล,85,12,85,7,15,8.8594E+12
137,กระชอนพลาสติก #18 PYP,1 แพค,195,6,195,33,59,8.85925E+12
138,กระชอนพลาสติก #15 PYP,1 แพค,100,6,100,17,30,8.85925E+12
139,กระชอนพลาสติก #12 PYP,1 แพค,59,6,59,10,15,8.85925E+12
140,ขันปั้มลายไทย กระเช้า NO.22 M,3 ชิ้น,127,,381,,,
141,ขันน้ำลายพม่า 30ซม 9-30 SB,1 ชิ้น,88,1,88,88,159,8850020301
142,วันปั้มลายไทย NO.26 TM,3 ชิ้น,179,,537,,,
143,วันปั้มลายไทย NO.16 TM,1 โหล,465,12,465,,,
144,กรวยพลาสติก #6 CC,1 โหล,93,12,93,8,15,
145,วันปั้มลายไทย 12CM (บาร์01125) TM,1 โหล,290,12,290,,,
146,จุกหม้อข้าวกลาง VK,1 โหล,95,12,95,8,15,8.19084E+12
147,พายพลาสติกสีขาว ใหญ่ #1 (บาร์16770),1 โหล,110,12,110,9,20,8.85848E+12
148,"คีบสลัดใหญ่15"" (บาง) FW-143 แพคโหล",1 โหล,178,12,178,15,,8.6893E+11
149,"คีบบาร์บีคิว ยาว15"" FW-090 MIFL",1 โหล,172,12,172,,,
150,คีบต่อ-คอใหญ่ FW-075 MIFL,4 โหล,55,12,220,5,,8.6893E+11
151,"คีบหัวใบไม้ใหญ่13"" FW-082 MIFL",1 โหล,168,12,168,14,,8.6893E+11
152,"คีบสลัดใหญ่15""(หนา) FW-086 แพคครึ่ง",1 แพค,138,6,138,23,39,8.8893E+11
153,ขูดมะละกอเหลี่ยม 9674 ด้ามฟ้า IMM,1 โหล,190,12,190,16,25,8.8594E+12
154,ขูดมะละกอ-แผ่นเลสแบน W217(รูเล็ก),3 โหล,69,12,207,6,12,82113616217
155,ตักน้ำแข็งมิเนียม CCD-2 CCD,1 โหล,490,12,490,41,79,178000301
156,"คีบหัวใบไม้สั้น9"" FW-083 MIFL",2 โหล,89,12,178,7,15,8.6893E+11
157,จุกกรองน้ำใบพัดคอยาวสายถักจุกหมุน,1 แพค,93,6,93,16,25,8.8594E+12
158,จุกกรองน้ำ15824 หัวฝักบัวสีเงิน IMM,6 ชิ้น,15,1,90,15,25,8.8594E+12
159,คีบน้ำแข็งด้ามสีใหญ่#71 ตราผึ้ง BEE,1 โหล,185,12,185,15,25,6.02001E+13
160,คีบน้ำแข็งด้ามสีเล็ก#72 ตราผึ้ง BEE,1 แพค,88,6,88,15,25,6.02001E+13
161,กระชอนร่อนแป้ง 26061 ขอบเลส TLL,6 ชิ้น,15,1,90,15,25,8.85983E+12
162,กะละมังเลส-เกาหลี ก้นตัด(เคลือบสีลาย),6 ชิ้น,70,1,420,70,120,6.95966E+12
163,ขูด 218 KW,3 ชิ้น,90,1,270,90,139,8.85113E+12
164,เปิดขวด หัวแหลม229 ด้ามฟอง,1 โหล,139,12,139,12,20,8.85925E+12
165,กรวย พด.ใส12cm #15764 IMM,1 โหล,85,12,85,7,15,8.8594E+12
166,พายตัดเค้กพิซซ่า75136 ด้ามไม้ ZC,6 ชิ้น,15,1,90,15,25,1.98807E+12
167,เปิดไวน์#5291 แผงแดง(จับราคา) IMM,4 ชิ้น,75,1,300,75,139,8.8594E+12
168,"ทัพพีเลส-ยักษ์10"" TP-231 TK",1 โหล,190,12,190,16,25,TP-231
169,กรรไกรแกะปู16208 TLL,1 โหล,180,12,180,15,25,
170,ตักไอศครีมมีเนียม#M ไทย(CCD),6 ชิ้น,44,,264,0,69,1.78001E+12
171,ขูดมะพร้าว2หัวม้า/กระต่าย(อย่างดี) NK,1 โหล,95,12,95,8,15,
172,"ขูดมะพร้าว2หัวมันเล็ก1""10 NK",1 แพค,62,10,62,6,10,30000951
173,แกะหอยแครง9887 IMM,6 ชิ้น,14,1,84,14,25,
174,หม้ออวยหม้อหูหิ้ว24ซม.(ร่มไม่รับเปลี่ยน),2 ชิ้น,157,1,314,157,259,8.85931E+12
175,หม้ออวยหม้อหูหิ้ว26ซม.(ร่มไม่รับเปลี่ยน),2 ชิ้น,178,1,356,178,279,8.85931E+12
176,ขันเลส #18ซม (20u) #W018 SSS (PL),1 โหล,194,12,194,16,30,8.86E+12
177,ลวกเส้น-เลสตาข่าย12ซม S-102,6 ชิ้น,98,1,588,98,159,9.94235E+11
178,ลวกเส้น-เลสตาข่าย12ซมด้ามยาวเลสแบน,6 ชิ้น,87,1,522,87,159,6.95426E+12
179,บังแดดหน้ารถสีเงิน60*130ซม #2409,1 โหล,180,12,180,15,25,8.8594E+12
180,ดอกบัวตูมก้านยาว-คละสี (1x12) AMS,2 โหล,189,12,378,16,25,1.265E+14
181,ใส่ขวดน้ำติดรถยนต์(พลาสติก)#7100,1 แพค,90,6,90,15,29,8.8594E+12
182,หม้อแขกตราร่ม #26 UMA,3 ชิ้น,108,1,324,108,179,8.85931E+12
183,ป้ายพรบ-สี่เหลี่ยมกรอบใสหัวจุก+9660,1 โหล,165,12,165,14,25,1.98803E+12
184,พายซิลิโคนด้ามใส 10798 (1X12/1X24),1 โหล,190,12,190,16,25,8.8594E+12
185,แปรงซิลิโคน-ด้ามใสหุ้ม 10797,1 โหล,185,12,185,15,25,8.8594E+12
186,พายซิลิโคน-ด้ามใสหุ้ม 10796 (1X12/1X24),1 แพค,360,24,360,,,
187,พายซิลิโคน10801 (1X12/1X24) IMM,1 โหล,185,12,185,,,
188,ผ้าม้วน1ชิ้น(ผ้าเอนกประสงค์)(1X12)(p25),2 โหล,170,12,340,14,25,
189,กาวช้างแท้ อัลโก้ QS,5 โหล,180,12,900,15,25,8.8883E+12
190,หมวกอาบน้ำการ์ตูน-จัมโบ้,2 โหล,73,12,146,6,,
191,หมวกอาบน้ำมุกเล็ก45บ UD,2 โหล,73,12,146,,,
192,สายวัด01385/PN8977 KKA,2 โหล,50,12,100,4,10,9E+11
193,ด้ายเย็บผ้าวีนัส VENUS 1*12ชิ้น (หลอด),2 แพค,152,12,304,,,
194,ด้ายเย็บผ้าวีนัส VENUS 1*12ชิ้น (หลอด),2 แพค,147,12,294,,,
195,"เข็มเย็บกระสอบ5""10ชิ้น#4278 (112)",3 โหล,178,12,534,15,,1.98803E+12
196,โบว์เน็ต01269 (1*6) KKA,4 แพค,145,6,580,,,
197,ป้ายราคา115-ถุงแดง(112)16708 BKS,1 โหล,145,12,145,12,20,8.85171E+12
198,เทปโฟม2หน้า3M แผงแดง#CAT-110,6 ชิ้น,45,1,270,45,69,
199,บิลเงินสด-ปกน้ำตาล28ชุด เบอร์2 (110),6 แพค,80,10,480,8,15,8.85875E+12
200,บิลเงินสด-ปกน้ำตาล28ชุด เบอร์3 (110),6 แพค,50,10,300,5,10,8.85875E+12
201,ปากกาเมจิไพลอทตรากล่อง H-110 แดง(P10),1 กล่อง,49,12,49,4,10,8.85155E+12
202,ป้ายเชสราคาขึ้น10884A/B (91.3.5) IMM,1 โหล,120,12,120,10,20,8.8594E+12
203,ลวดอเนกประสงค์เส้นเล็ก#SC-197 (112),1 โหล,180,12,180,15,25,
204,ลวดอเนกประสงค์เส้นใหญ่(วงใหญ่) KAWA,1 โหล,180,12,180,15,25,sc062
205,ชุดสไลด์เดี่ยว#8040 (A-301)(100) PL,1 โหล,84,12,84,7,15,
206,ขันน้ำลายพม่า30ซม9-30 SB,4 ชิ้น,88,,352,0,159,
207,แม็กซ์ใหญ่10239/DL0306 (จับราคา) IMM,6 ชิ้น,38,,228,,,
208,ไส้แม็กซ์กล่องสีขาวK.PLATINUM(1*2) PV,2 กล่อง,54,24,108,,,
209,ไส้แม็กซ์เบอร์10กล่องเขียว-MAX(1*2),1 กล่อง,197,24,197,,,
210,ตัวตัดเทป OP กล่องกระดาษ #47582,1 โหล,175,12,175,15,,8.8594E+12
211,นาฬิกาปลุก สีหวานหน้าการ์ตูน JA-1001,2 ชิ้น,46,1,92,46,100,1.96209E+12
212,นาฬิกาปลุก หน้าปัดสี-เลขนูน JA-1001H-C,1 ชิ้น,46,1,46,46,100,1.96209E+12
213,เทปกาวอเนกประสงค์บิวทิว 5มม.,3 ชิ้น,29,1,87,29,69,8.85171E+12
214,สมุดบัญชีปกแข็ง 29988 CKD,1 แพค,90,6,90,15,30,8.85892E+12
215,กระดานหนีบ A4 ใหญ่ #1084 (ไม้2),6 ชิ้น,15,1,90,15,25,8.8594E+12
216,เทปโฟมลายเขียว(เล็ก) TVT (P5),3 โหล,28,12,84,2,5,670007
217,แม็กซ์ใหญ่+ลูก #6207 (4362),1 แพค,193,6,193,32,69,8.8594E+12
218,แม็กซ์+ลูก+ตัวแกะ 10229 /DL6579-3,6 ชิ้น,50,1,300,50,89,
219,บิลเงินสด-ปกน้ำตาล28ชุด เบอร์1 (1*10),6 แพค,85,10,510,9,20,8.85875E+12
220,ปากกาเมจิไพลอท ตราม้า กล่อง H-110 สีดำ(P10),1 กล่อง,49,12,49,4,10,8.85155E+12
221,แม็กซ์ ต.หัวโตเดี่ยว #21002 TLL,1 โหล,180,12,180,15,25,8.85983E+12
222,กระดาษคาร์บอน-สีน้ำเงิน A5 (1*100แผ่น),2 กล่อง,65,1,130,65,120,8.85091E+12
223,ไส้แม็กซ์เบอร์10กล่องเขียว-MAX(1*2),1 กล่อง,197,24,197,8,,8.85155E+12
224,ไส้แม็กซ์กล่องเขียว K.PLATINUM (1*2) PV(p5),1 กล่อง,54,24,54,2,,
225,สมุดริมลวด-กลาง A5 #84253 W,1 โหล,105,12,105,9,15,1.98721E+12
226,ซองจดหมายชมพูสั้น ตราเพชร /777 TC,1 กล่อง,195,20,195,,,
227,กาวปะยางในรถเครื่องหนัง2ชิ้นไส้ไก่,1 โหล,180,12,180,15,25,SC 114
228,ยางอุดหัวฉีดที่ชำระฝักบัวและอื่น10ชิ้น,1 โหล,175,12,175,15,25,SC 091
229,น้ำยาบัดกรีตะกั่วอย่างดี #SC-127,1 โหล,180,12,180,15,25,SC 127
230,ปะจักรยาน8ชิ้น #SC-115 SCE,1 โหล,180,12,180,15,25,SC 115
231,กระจาดร่อนแป้ง32ซม #6905,6 ชิ้น,16,1,96,16,25,8.8594E+12
232,พวงกุญแจตุ๊กตาผ้า 350/ล. SAM(p39),1 แพค,175,6,175,29,39,6.2047E+13
233,ไฟฉายชาร์ตพกพาX3 +สายUSB PAE,3 ชิ้น,38,1,114,38,69,8.8598E+12
234,ไฟฉายชาร์ตพกพา PAE 535 1จุด,3 ชิ้น,38,1,114,38,69,8.8598E+12
235,00804 กิ๊บหนีบใหญ่ คละแบบคละสี (P20),4 โหล,140,12,560,12,20,1.22013E+14
236,กิ๊บหนีบผม10722 เหลี่ยมช่อง (P20),1 โหล,140,12,140,12,20,8.8594E+12
237,ขันปั้มลายไทย NO.14 TM,1 โหล,390,12,390,33,59,1.88595E+13
238,หูฟังสมอลทอร์ค TK-09 คละแบบโชว์,1 แพค,155,10,155,16,29,6.98516E+12
239,00082 กิ๊บแบน (1*2) คละแบบ (P20),3 โหล,140,12,420,12,20,1.22012E+14
240,ออมสิน ยาดมโป๊ยเซียน185 GM,10 แพค,44,5,440,,,
241,สูบลมมือ สีพาสเทล29cm #2107 SBR,1 โหล,178,12,178,15,25,6.89122E+12
242,ขวดนม2ออนซ์ กลม-RB113 ROY,2 แพค,79,6,158,,,
243,ปัดแก้มอุทัย UTA-TAVEE (1*12) LP,2 โหล,100,12,200,8,20,8.85713E+11
244,ผ้ารองรีดฟอง18*38สะท้อนความร้อนสี,6 ชิ้น,59,,353,,,
245,หมากรุกกล่องคละสี (112ชิ้น) T99,3 ชิ้น,35,1,105,35,69,80511113
246,ลูกแก้วถุงตาข่ายใหญ่25ชิ้น #1142 IMM,1 โหล,175,12,175,15,25,8.19023E+11
247,ลูกแก้วถุงตาข่ายเล็ก100ชิ้น #1141 IMM,1 โหล,175,12,175,15,25,7765717
248,หมวกอาบน้ำการ์ตูน-เล็ก,2 โหล,65,12,130,,,
249,ตุ๊กตาชาย-หญิง (แพคคู่)(บาร์00978) TCJ,4 คู่,28,1,112,28,59,30000978
250,ตุ๊กตาชาย-หญิง(กากเพชรAAA)(แพคคู่),4 คู่,39,1,156,39,69,30001433
251,ตุ๊กตาช้างม้า(กากเพชรAAA)(แพคคู่),4 คู่,39,1,156,39,69,30001432
252,เชือกผ้าถักแบบลาย ม.22มล.(บาร์44565),3 แพค,378,6,1134,,,
253,น้ำหอมขวดแก้วก้านไม้15ML(MAWEL),1 โหล,168,12,168,,,
254,ท่อย่นน้ำทิ้ง1m 10030 IMM,6 ชิ้น,16,1,96,16,25,8.8594E+12
255,สายรัดไนล่อนสีดำPP&DD(10ม) ขนาด,1 โหล,84,12,84,7,15,8.52212E+12
256,ปืนยิงกาวแผงใส-ใหญ่40W 39#0250 IMM,1 แพค,150,6,150,25,59,8.8594E+12
257,หัวแร้งแท่งยาว DS-15193 แผงเขียว DS,2 ชิ้น,69,1,138,69,100,8.85981E+12
258,ปืนยิงกาว-ซิลิโคลน MOSUCOSA(เหล็ก),1 ชิ้น,36,,36,,,
259,เชือกผ้าแบนเอนกประสงค์ สีล้วน15ม.,2 โหล,150,12,300,13,20,17
260,หูฟัง SMALL TALK (ซองซิป)#HF603,1 โหล,180,12,180,15,30,2.882E+12
261,โซ่จักรยานหุ้มสลิง10694(12*800mm),1 โหล,185,12,185,15,25,
262,สีสเปรย์ RED FOX-270g#220/220 สีเทา,6 ชิ้น,38,1,228,38,50,8.85075E+12
263,00208 พวงกุญแจตุ๊กตาผ้า140/ล.SAM,1 โหล,140,12,140,12,25,2.047E+12
264,กล่องเหลี่ยม8028 ผืนผ้าฝาลายจุดในตัว สี,1 โหล,195,12,195,,,
265,กล่องแช่4401 SRT,1 โหล,190,12,190,16,25,8.85941E+12
266,กล่องฟินิกส์ ผืนผ้า#294-2 BG,1 โหล,185,12,185,15,25,8.85954E+12
267,พวงพริก-กล่องหิ้ว(สีหวานNEW)1301N,1 โหล,195,12,195,16,25,8.81E+12
268,กล่องเหลี่ยม#5(ตัวขาวฝาใส)ตรากระทิง,1 โหล,219,12,219,,,
269,กล่องผืนผ้าขอบสี911-1 BG,1 โหล,180,12,180,15,25,8.85954E+12
270,ใบขัดด้ามเตารีดเดี่ยว(ด้ามแปรงขัดพื้น),2 โหล,93,12,186,,,
271,แปรงเตารีดทองเหลือง SBL-106 พระอาทิตย์,1 แพค,268,6,268,45,,8.85167E+12
272,รองเท้าใส่ในบ้าน(สายการบิน)หัวเปิด170 (P25),1 โหล,170,12,170,14,25,
273,แปรงขัดรองเท้า666 แปรงไทย,1 โหล,154,12,154,13,20,8.85194E+12
274,ถุงคลุมเสื้อผ้า สั้น24x32(60x80ซม),1 โหล,180,12,180,15,25,310022432
275,แปรงเตารีดทองเหลือง SBL-106 พระอาทิตย์,1 แพค,268,6,268,45,79,
276,ถุงเพาะชำ26 0.15มม RP,1 โหล,175,12,175,15,,1070206
277,ถุงเพาะชำ3x7 0.15มม RP,1 โหล,175,12,175,15,,1070307
278,แปรงซักเสื้อ แป้นไม้(ไดโน) NCL,1 โหล,114,12,114,10,15,1800463
279,แปรงซักเสื้อขนใส อีสแมน S-09 BB,1 โหล,170,12,170,14,20,8.85194E+12
280,แปรงซักผ้าขนนม แป้นสีบรอนซ์333 CC,8 โหล,108,12,216,9,15,
281,แปรงซักผ้าแป้นไม้-สีนม (ตราสมอ),2 โหล,182,12,364,15,25,8.85194E+12
282,แปรงซักผ้า (ไดโน) แป้นไม้-ขนสีนม NCL,2 โหล,114,12,228,10,15,1800456
283,แปรง 2 สีใหญ่ CTB-09 ตราสมอ BB,2 โหล,217,12,434,,,
1,โหลเหลี่ยมใหญ่ (คลาสิก) 048-X BG,1 โหล,180,12,180,15,25,8.85954E+12
2,กล่องเหลี่ยม1155 (ฝาใส-สีใส) V-NICE,1 โหล,135,12,135,11,20,8.81E+12
3,กล่องล็อค4ด้าน8025 ผืนผ้า ใส SET LOCK,1 โหล,195,12,195,16,25,9.98E+12
4,กล่องเหลี่ยม ล็อคด้าน302 (ขาวใส) SMT,1 โหล,209,12,209,17,25,8.85104E+12
5,กล่องเหลี่ยม ตัวใส-ฝาใส MG9005-A,1 โหล,195,12,195,16,25,8.81002E+12
6,เขียงมะขามกลม 9 OT,5 ชิ้น,63,1,315,63,100,10000887
7,กล่องเหลี่ยมผืนผ้า สีโมเดิร์น#2 #9004,6 ชิ้น,17,2,102,9,15,8.81001E+12
8,กล่องล็อค B-448 ตัวใสฝาใส (ผืนผ้า),1 โหล,190,12,190,16,25,8.85954E+12
9,กล่องเหลี่ยม8028 ผืนผ้าฝาลายจุดในตัว สี,1 โหล,195,12,195,16,25,9.98E+12
10,กล่องล็อค SUPER LOCK6501 (กลม) สีฟ้า,1 โหล,210,12,210,18,30,8.85125E+12
11,แก๊สเติมไฟแช็ค BUGA 200G. ใหญ่,1 โหล,458,12,458,38,60,
12,แก๊สเติมไฟแช็ค BUGA 70G. กลาง,1 โหล,358,12,358,30,50,
13,กล่องเหลี่ยม2161 W,3 โหล,133,12,399,11,20,8.85878E+12
14,กล่องเหลี่ยม001-1 (ตัวใส-ฝาสี) AY,1 โหล,187,12,187,16,25,8.85125E+12
15,กล่องเหลี่ยม8028 ผืนผ้าฝาลายจุดในตัว สี,1 โหล,195,12,195,16,25,
16,ขวดสเปรย์เหลี่ยมลาย50ml #6343 IMM,1 โหล,120,12,120,,,
17,เขียงพลาสติก-เล็ก NO.1693,1 โหล,146,12,146,12,20,8.85942E+12
18,เขียงพลาสติก-ใหญ่ NO.167 VR,1 โหล,254,12,254,21,39,
19,เช็ดกระจก ฟองน้ำ-ด้ามสั้น OK,7 ชิ้น,39,1,273,39,69,8.85956E+12
20,โซดาเกล็ดไฟ(1*20) KTH,2 ลัง,640,20,1280,32,59,
21,กล่องเหลี่ยม กดล็อค(เล็ก)#112 ฝาขาว,1 โหล,92,12,92,8,15,8.85878E+12
22,ขวดโหลกลมฝาสีหวาน+ช้อน311-1 AY,1 โหล,93,12,93,8,15,8.85125E+12
23,กระปุกกลม ช้อน3002 AY,1 โหล,93,12,93,8,15,8.85125E+12
24,กล่องเหลี่ยม589 ขาวใส SMT,1 โหล,115,12,115,,,
25,กล่องเหลี่ยมใหญ่585-M(200) ผืนผ้า SMT,1 โหล,198,12,198,,,
26,กล่องล็อค4ด้าน8027 SET LOCK SW,1 โหล,195,12,195,16,25,9.98E+12
27,โหลฝายิ้ม958 JOT,1 โหล,210,12,210,18,30,8.8512E+12
28,กล่องแช่เหลี่ยม4424 SRT,1 โหล,233,12,233,19,35,8.85941E+12
29,ฝาซี36 สีเข้ม SRT,1 โหล,98,12,98,,,
30,กล่องเหลี่ยม-เล็ก585-S SMT,1 โหล,60,12,60,5,10,8.85104E+12
31,โหลกลมกลาง(ฝาเกลียว) PJD5-M SMT,1 โหล,99,12,99,,,
32,โหลเหลี่ยมมน048-M (กลาง) BG,1 โหล,90,12,90,8,15,8.85954E+12
33,เหยือกเพชรกลมใส200 #559 VT,1 โหล,205,12,205,17,30,1000000559
34,กล่องผืนผ้า#8036 จุกปล่อยอากาศ SW,1 โหล,195,12,195,16,25,9.98E+12
35,กล่องเหลี่ยม001-2 ตัวใส ฝาขาว #001-R,1 โหล,186,12,186,,,
36,กล่องเหลี่ยมใหญ่ สีพลาสเทล 584N V-NICE,1 โหล,195,12,195,16,25,5.55E+12
37,ไม้ตีแมลงวัน 383 NUT (P7),2 โหล,45,12,90,4,7,1.2999E+14
38,ปิ่นโตลายไทย4ชั้น14-4 TM,3 ชิ้น,274,,822,,,
39,หม้อหู-โทรศัพท์ #18,1 โหล,995,12,995,,,
40,กระทะม้วนขอบ#33 ร่ม(ไม่รับเปลี่ยน) UM,1 โหล,693,12,693,,,
41,หม้อด้ามร่ม#16 (ไม่รับเปลี่ยน) UM,1 โหล,693,12,693,,,
42,หม้อด้ามร่ม#18 (ไม่รับเปลี่ยน) UM,1 โหล,989,12,989,,,
43,ปิ้งปูจัมโบ้ BOOM,1 โหล,465,12,465,,,
44,เหยือกลายไทย NO.1.3 TM,1 โหล,1875,12,1875,156,239,8.85953E+12
45,กระป๋องกาแฟ ปากต่อ#16 JRR,3 ชิ้น,85,,255,,,
46,แก้วหูเลส8cm(201) หัวช้าง JG,10 โหล,155,12,1550,,,
47,"วางเค้กกลาง#2 (M) VS,BOMM",2 โหล,275,12,550,,,
48,"วางเค้กใหญ่#1 (L) VS,BOMM",2 โหล,365,12,730,,,
49,"วางเค้กจัมโบ้#0 (LL) VS,BOMM",2 โหล,480,12,960,,,
50,ช้อนส้อมหัวช้าง-บาง(กล่องฟ้า) JG,3 กุรุส,535,12,1605,45,69,
51,ช้อนส้อมดอกไม้ FW016 (กล่องเขียว),3 กุรุส,680,12,2040,57,100,
52,กิ๊บหนีบเลสหัวก้ามปู14#4037 TLL,1 โหล,180,12,180,15,25,1.98803E+12
53,ถาดเหลี่ยม22*30.5cm Rilakkuma,1 โหล,194,12,194,16,25,8.8591E+12
54,ถาดเหลี่ยม HS-0110 คละสี(ขาว/ครีม/เทา),2 โหล,197,12,394,16,29,SIPS01110
55,ถาดเหลี่ยม720 สีหวาน/ลาย CK,2 โหล,197,12,394,,,
56,ถาดเหลี่ยม590 สีเนื้อ(PS) SMT,2 โหล,195,12,390,16,25,8.85104E+12
57,สำลีม้วนโจโจ้40G RJR,2 โหล,58,12,116,,,
58,ตะกร้าไต่ราว47 สีหวาน SW,1 โหล,95,12,95,8,15,9.9801E+12
59,ลิ้นชัก A4 ชั้นใส โครงสี #2011-2,4 ชิ้น,99,,396,,,
60,ขันน้ำ1115-1DN DISNEY BG,2 โหล,200,12,400,17,30,
61,ขันด้าม18ซม รีลัคคุมะ019-7 GW,1 โหล,226,12,226,19,30,8.8591E+12
62,ไก่บีบ #15821 IMM,1 โหล,168,12,168,,,
63,SB001-WHITE ช้อนชาบูด้ามยาวสีขาว FC,2 โหล,95,12,190,8,15,6.97651E+12
64,ขันน้ำ20-8 โดเรมอน สีหวาน GW,3 โหล,194,12,582,16,25,
65,ถังหิ้ว10 สี OS,1 โหล,172,12,172,14,25,50101021
66,ขันน้ำ22-8 โดเรมอน(คละสี) GW,1 โหล,199,12,199,17,25,8.8591E+12
67,ถาดกลม32ซม. เรนโบว์ T2414 TRP,2 โหล,200,12,400,17,29,20002414
68,ขันน้ำ20ซม เกรดA1113-1DN DISNEY BG,3 โหล,200,12,600,,,
69,ฟิวเจอร์บอร์ดผืนผ้า-ใหญ่ คละสี8165,1 โหล,180,12,180,,,
70,ฟิวเจอร์บอร์ดผืนผ้า-ใหญ่ สีขาวล้วน8165,1 โหล,180,12,180,,,
71,ฟิวเจอร์บอร์ดจัมโบ้-คละสี122*65 MN,1 โหล,270,12,270,,,
72,ตักลูกน้ำด้าม PVC #9 PTT,1 โหล,205,12,205,17,30,
73,ตักลูกน้ำด้าม PVC #5 PTT,1 โหล,115,12,115,10,20,8.85514E+12
74,ตักลูกน้ำด้าม PVC #4 PTT,1 โหล,100,12,100,8,15,
75,แปรงล้างขวดคู่10บ.15742 ถุงลาย IMM,1 โหล,93,12,93,8,15,8.8594E+12
76,แปรงล้างขวดคู่15740 หัวแฉก IMM,1 โหล,190,12,190,16,25,8.8594E+12
77,ริบบิ้นม้วน-ดิ้นทอง(ระฆัง)12MM(P20),3 แพค,125,10,375,13,20,
78,แปรงล้างห้อง15924 หัวกลมด้าม พอปลาย,1 แพค,98,6,98,16,25,8.8594E+12
79,กล่องเหลี่ยมใหญ่74-72 DB,1 โหล,267,12,267,22,39,
80,กล่องแซ่4402 SRT,6 ชิ้น,25,,150,0,39,8.85941E+12
81,กระจกสี่เหลี่ยมFSM1-25 วินโดว์หน้าหมี,2 โหล,78,12,156,7,15,
82,คาดผม/ผ้าคาดผม42บ. (P10),1 แพค,42,12,42,4,10,401615
83,คาดผม/ผ้าคาดผม24บ. (P5),1 แพค,24,12,24,2,5,
84,กล่องแช่เหลี่ยม4425 SRT,2 โหล,308,12,616,26,45,8.85941E+12
85,กล่องถนอมอาหาร-เหลี่ยมจิ๋ว216 W,2 โหล,87,12,174,7,15,8.85878E+12
86,กล่องถนอมอาหาร-จัตุรัสจิ๋ว218 W,1 โหล,87,12,87,7,15,8.85878E+12
88,โหลกลมฝาเกลียว7ลิตร6002N ตัวใสฝาสี,1 โหล,422,12,422,,,
89,โหลกลมฝาเกลียว6003 VJ,1 โหล,265,12,265,,,
91,มีดด้ามพลาสติก211P KW,2 โหล,892,12,1784,,,
92,มีดด้ามพลาสติก173P KW,2 โหล,527,12,1054,,,
93,มีด199 KW,1 โหล,788,12,788,,,
94,มีด194 KW,1 โหล,237,12,237,,,
95,มีด193 KW,3 โหล,200,12,600,,,
96,มีด195 KW,1 โหล,357,12,357,,,
97,มีด171 KW,2 โหล,715,12,1430,,,
98,มีดด้ามพลาสติก171P KW,2 โหล,535,12,1070,,,
99,มีด21 KW,1 โหล,1158,12,1158,,,
100,มีด21 KW,9 ชิ้น,98,,882,,,
101,มีด478 KW,2 โหล,512,12,1024,,,
102,ปอกผลไม้ ตัดวุ้น#568(201) PL,1 โหล,185,12,185,,,
103,มีดหั่นถ้วยเล็ก1172 BR FC,1 โหล,118,12,118,,,
104,ด้ามกระทะใหญ่ ปลายมล VK,2 โหล,167,12,334,,,
105,ตีไข่ด้ามเลส 84044,1 โหล,168,12,168,,,
106,ตีไข่ 10794 IMM,6 ชิ้น,15,,90,,,
107,ถาดกลมเลส32cm LH-4413 TLH,1 โหล,320,12,320,,,
108,ถาดกลมเลส28cm LH-4411 TLH,6 ชิ้น,18,,108,,,
109,ช้อนกลาง16ซมปลายงอ(12ชิ้น)#SK510,2 โหล,170,12,340,,,
110,กิ๊บหนีบ#01912 ดอกไม้เล็ก KKA,1 โหล,130,12,130,11,20,
111,มีดโกนกันคิ้ว#01998 (1×6) KKA,1 โหล,160,12,160,13,20,6.95673E+12
112,ยางยึด1นิ้ว2เมตร(3ส.)20บ.(บาร์45601),1 โหล,125,12,125,,,
113,กระเป๋าสตางค์#24447 หนังซิปเล็ก JCK (P15),1 โหล,85,12,85,7,15,
114,ยางรัดผม100เส้น สปริงเล็ก#01706 KKA (P5),1 ห่อ,125,100,125,1,5,900001706
115,ตะขอติดผนังขาคู่10560 IMM,1 โหล,168,12,168,14,20,
116,แผ่นแปะผมกล่อง01661 KKA,1 โหล,170,12,170,14,25,6.97571E+12
117,เข็มตลับตัดด้วยสายวัด(บาร์36316),1 โหล,90,12,90,8,15,
118,ใบมีดด้ามเขียว ด้ามทอง SAYURI 40ใบ (P5),1 กล่อง,78,1,78,78,5,
119,ขอแขวน1*2 (9648)#9468 หมุนขาเหล็ก,1 โหล,185,12,185,15,25,6.97504E+12
120,กระจกด้าม10329/13029 เหลี่ยม IMM,1 โหล,375,12,375,31,49,
121,พัดพลาสติกด้ามขาวคละลาย SAM (P20),1 โหล,140,12,140,12,20,1.22049E+14
122,กระเป๋าสตางค์#24447 หนังซิปเล็ก JCK (P15),1 โหล,85,12,85,7,15,
123,หวีจัมโบ้บิ๊ก สีชมพูฟ้า #105403 JSK (P10),1 โหล,42,12,42,4,10,105403
124,หวีด้ามสายเก่าเล็ก สีไม้#101907 JSK (P10),1 โหล,45,12,45,4,10,
125,ทัพพีเลสยักษ์#0 TP-231 TK,1 โหล,190,12,190,16,25,TP-231
126,ทัพพีแขกด้ามพลาสติกสี ตราสมอ PPL (P15),1 โหล,88,12,88,7,15,
127,"สดึงพลาสติกสีหวาน5"" TVA (P20)",6 ชิ้น,11,,66,0,20,
128,กล่องยากันหิ้ว (P20),1 โหล,135,12,135,11,20,30001029
129,หิ้งพระ#9 ขาเดียว(1*4ตัว) DT,1 แพค,405,4,405,,,
130,หิ้งพระ#13 ขาเดียว(1*4ตัว) DT,1 แพค,476,4,476,,,
131,หิ้งพระ#20 (ขาคู่)(1*2ตัว) DT,1 แพค,465,2,465,,,
132,หิ้งพระ#18-ขาเดียว(1*4ตัว) DT,1 แพค,690,4,690,,,
133,หิ้งพระ#16-ขาเดียว(1*4ตัว) DT,1 แพค,645,4,645,,,
1,ตู้ผ้าลดโลกร้อน 73x115x45ซม PWP,6 ชิ้น,339,1,2034,339,499,01-113-PWC
